id,first_name,last_name,email,gender,ip_address
1,Pearle,Spacey,pspacey0@cnbc.com,Female,107.245.207.138
2,Brockie,Bladesmith,bbladesmith1@wunderground.com,Male,84.97.7.155
3,Robby,Scyner,rscyner2@nhs.uk,Agender,17.144.34.144
4,Harland,Lampaert,hlampaert3@businessweek.com,Non-binary,146.153.179.154
5,Yolane,Wipper,ywipper4@nih.gov,Female,198.86.74.199
6,Nisse,Poinsett,npoinsett5@bluehost.com,Genderfluid,62.243.250.250
7,Uriel,Choffin,uchoffin6@ehow.com,Male,217.250.165.120
8,Niccolo,Caw,ncaw7@imageshack.us,Male,101.251.134.130
9,Frasco,Ibbitson,fibbitson8@last.fm,Male,191.58.4.153
10,Steffen,Nunes Nabarro,snunesnabarro9@adobe.com,Male,18.168.244.249
11,Filberto,Etherton,fethertona@bbc.co.uk,Male,59.166.142.144
12,Irvin,Awdry,iawdryb@businessinsider.com,Male,172.165.149.112
13,Berti,Shemmin,bshemminc@patch.com,Female,12.229.252.124
14,Madlen,Dysert,mdysertd@usnews.com,Female,230.50.147.166
15,Gertrudis,Seiffert,gseifferte@ucoz.ru,Female,168.166.77.5
16,Etta,Gorusso,egorussof@sun.com,Female,136.61.120.127
17,Isobel,Ginty,igintyg@clickbank.net,Female,79.157.204.174
18,Hamid,Dutchburn,hdutchburnh@acquirethisname.com,Genderqueer,197.43.165.37
19,Estella,Crewe,ecrewei@t-online.de,Female,46.185.9.122
20,Gris,Ewbanke,gewbankej@myspace.com,Male,16.174.30.133
21,Zollie,Bowles,zbowlesk@slideshare.net,Male,40.136.176.140
22,Maureen,Northedge,mnorthedgel@huffingtonpost.com,Female,236.165.84.74
23,Miner,Billam,mbillamm@marriott.com,Male,7.131.196.186
24,Rouvin,Lawson,rlawsonn@nymag.com,Male,64.166.180.85
25,Bonnibelle,Rutherfoord,brutherfoordo@cyberchimps.com,Female,184.131.69.18
26,Abey,Kynston,akynstonp@engadget.com,Male,190.228.165.100
27,Georgi,Rubenovic,grubenovicq@mtv.com,Male,136.244.174.230
28,Correy,Houlaghan,choulaghanr@rediff.com,Male,162.63.251.22
29,Arabela,Charte,achartes@eepurl.com,Genderfluid,102.26.196.30
30,Miran,Strathe,mstrathet@netlog.com,Female,244.191.193.99
31,Margret,Possa,mpossau@ft.com,Female,245.57.167.92
32,Danyelle,Viegas,dviegasv@seesaa.net,Female,190.65.182.164
33,Fey,MacDermand,fmacdermandw@icio.us,Female,144.204.13.61
34,Mariam,Utteridge,mutteridgex@intel.com,Female,109.109.123.18
35,Candy,Fehner,cfehnery@newsvine.com,Non-binary,163.175.110.148
36,Saloma,Hartshorn,shartshornz@twitpic.com,Female,47.67.92.212
37,Flora,Yakunchikov,fyakunchikov10@dyndns.org,Female,101.255.188.236
38,Noland,Drewell,ndrewell11@globo.com,Male,236.78.158.125
39,Lissi,Wolfers,lwolfers12@theguardian.com,Female,217.242.239.186
40,Marve,Stiebler,mstiebler13@nih.gov,Male,27.141.130.222
41,Aimee,Simakov,asimakov14@craigslist.org,Genderfluid,192.91.111.238
42,Kipp,Crosdill,kcrosdill15@cisco.com,Female,180.183.240.110
43,Tiffie,Mateev,tmateev16@slideshare.net,Female,121.193.232.235
44,Anastassia,Beals,abeals17@list-manage.com,Genderfluid,83.212.208.166
45,Albert,Hitscher,ahitscher18@goodreads.com,Male,158.100.150.51
46,Addi,Matas,amatas19@github.com,Non-binary,204.233.173.177
47,Valentia,Duce,vduce1a@artisteer.com,Female,197.187.246.128
48,Perl,Kikke,pkikke1b@youtu.be,Female,109.237.245.168
49,Berkly,Jackling,bjackling1c@oakley.com,Male,0.175.91.193
50,Brew,Aron,baron1d@goo.ne.jp,Male,197.157.122.94
51,Teressa,Chalke,tchalke1e@wordpress.org,Female,175.74.133.4
52,Jany,Canelas,jcanelas1f@wiley.com,Female,97.171.216.199
53,Dewain,Stango,dstango1g@mapquest.com,Male,154.177.88.105
54,Wakefield,Rodrigues,wrodrigues1h@businessweek.com,Male,136.237.121.24
55,Ophelie,Simacek,osimacek1i@goodreads.com,Female,181.171.105.234
56,Farra,Rudram,frudram1j@baidu.com,Female,232.79.54.252
57,Willyt,Hallick,whallick1k@ft.com,Non-binary,146.155.30.106
58,Belva,Serrels,bserrels1l@ovh.net,Female,63.249.112.13
59,Marten,Craney,mcraney1m@bloglines.com,Male,234.226.67.184
60,Gonzales,Oakland,goakland1n@state.tx.us,Male,85.22.80.233
61,Daniela,Attwooll,dattwooll1o@nature.com,Female,241.136.124.142
62,Hilario,Kenrick,hkenrick1p@ucoz.ru,Male,37.67.235.20
63,Electra,Blasing,eblasing1q@bloglines.com,Female,9.253.117.124
64,Roanne,Sprackling,rsprackling1r@technorati.com,Female,169.253.134.84
65,Marsh,Lob,mlob1s@tinyurl.com,Male,58.219.223.109
66,Linell,Clewlowe,lclewlowe1t@omniture.com,Female,235.186.250.224
67,Pincus,Harrowell,pharrowell1u@etsy.com,Male,76.180.89.121
68,Kennith,Wankel,kwankel1v@go.com,Male,31.90.41.26
69,Robena,Bencher,rbencher1w@a8.net,Female,168.48.34.177
70,Dennie,Halfacre,dhalfacre1x@eventbrite.com,Male,232.185.11.166
71,Leann,Longhorne,llonghorne1y@xrea.com,Female,124.130.10.252
72,Bertrand,Waddams,bwaddams1z@ca.gov,Male,52.3.176.140
73,Carlynne,Hexam,chexam20@tinyurl.com,Female,23.249.22.115
74,Pia,Croci,pcroci21@sogou.com,Genderqueer,146.224.70.41
75,Rebecca,McGucken,rmcgucken22@boston.com,Female,7.189.35.42
76,Archibaldo,McCambrois,amccambrois23@statcounter.com,Male,172.171.136.25
77,Hansiain,Bremmell,hbremmell24@sfgate.com,Male,60.51.113.177
78,Brit,Commusso,bcommusso25@trellian.com,Male,211.43.35.85
79,Levey,Hinchon,lhinchon26@diigo.com,Male,70.223.143.37
80,Theodore,Danzey,tdanzey27@webmd.com,Male,79.86.18.141
81,Brendan,Gogerty,bgogerty28@cocolog-nifty.com,Male,155.38.228.45
82,Peterus,Ciccottio,pciccottio29@stumbleupon.com,Non-binary,41.67.216.65
83,Maximilien,Mullan,mmullan2a@reference.com,Male,60.64.47.125
84,Frank,Barbera,fbarbera2b@imgur.com,Male,112.201.125.30
85,Alfonso,Camfield,acamfield2c@ftc.gov,Male,148.20.243.50
86,Malia,Guiu,mguiu2d@taobao.com,Genderfluid,42.51.50.40
87,Weston,Eakeley,weakeley2e@altervista.org,Male,0.164.187.175
88,Reinwald,Gannan,rgannan2f@technorati.com,Male,150.173.159.100
89,Marshal,Penton,mpenton2g@sphinn.com,Male,220.57.14.147
90,Clarey,Dallin,cdallin2h@msu.edu,Female,214.241.212.117
91,Garek,Grunguer,ggrunguer2i@hc360.com,Male,35.84.0.98
92,Reyna,Kemmet,rkemmet2j@digg.com,Female,16.189.137.231
93,Emmi,Luckings,eluckings2k@addthis.com,Female,139.8.3.52
94,Tiffie,Christescu,tchristescu2l@example.com,Female,90.66.145.69
95,Emmit,Yuryshev,eyuryshev2m@cocolog-nifty.com,Male,39.118.219.49
96,Jareb,Spittall,jspittall2n@furl.net,Male,150.248.163.165
97,Retha,Geraldi,rgeraldi2o@creativecommons.org,Female,103.172.190.1
98,Lotta,Fend,lfend2p@purevolume.com,Female,251.143.69.47
99,Alessandro,Sebrook,asebrook2q@vk.com,Male,10.7.108.222
100,Alicia,Jenton,ajenton2r@imageshack.us,Female,156.150.181.245
101,Jillian,Challens,jchallens2s@symantec.com,Female,165.29.0.19
102,Kellyann,McGunley,kmcgunley2t@biblegateway.com,Female,46.16.56.138
103,Simonette,Bradbeer,sbradbeer2u@freewebs.com,Female,128.6.71.43
104,Domenic,Thorne,dthorne2v@w3.org,Male,90.43.138.145
105,Antonietta,Ianetti,aianetti2w@spiegel.de,Female,51.203.88.43
106,Claribel,Glossop,cglossop2x@mashable.com,Female,110.255.168.203
107,Brad,Watterson,bwatterson2y@google.com.hk,Male,203.246.52.32
108,Moselle,Shaefer,mshaefer2z@cisco.com,Female,109.248.64.95
109,Rubie,Chessum,rchessum30@jalbum.net,Female,166.14.178.59
110,Lowrance,Roja,lroja31@unc.edu,Male,202.24.134.87
111,Jessee,Matiewe,jmatiewe32@noaa.gov,Male,38.35.19.198
112,Aprilette,Bradberry,abradberry33@hud.gov,Genderfluid,9.158.138.137
113,Binky,Casburn,bcasburn34@slideshare.net,Male,90.14.215.92
114,Brnaby,Doley,bdoley35@wunderground.com,Male,53.209.90.22
115,Fidole,Esome,fesome36@harvard.edu,Male,154.140.151.56
116,Bonni,Bowick,bbowick37@cnn.com,Female,164.115.189.140
117,Lizbeth,Petran,lpetran38@desdev.cn,Female,198.68.61.239
118,Agustin,Cridlon,acridlon39@google.pl,Male,41.170.161.37
119,Sallyanne,Glover,sglover3a@cbslocal.com,Genderqueer,150.80.189.170
120,Hinda,Collisson,hcollisson3b@un.org,Female,237.182.112.224
121,Tandie,Mattia,tmattia3c@issuu.com,Genderqueer,135.98.143.172
122,Nils,Kobieriecki,nkobieriecki3d@ucla.edu,Male,195.129.156.194
123,Gilberto,Bullivent,gbullivent3e@networkadvertising.org,Male,39.136.143.129
124,Owen,Beggin,obeggin3f@businesswire.com,Male,118.104.110.118
125,Kendricks,Groucock,kgroucock3g@unblog.fr,Bigender,174.153.247.73
126,Heinrick,Flecknell,hflecknell3h@rambler.ru,Non-binary,84.63.149.215
127,Gerladina,Danielis,gdanielis3i@nhs.uk,Female,71.21.40.78
128,Tabor,Clotworthy,tclotworthy3j@cocolog-nifty.com,Male,238.172.45.97
129,Haze,Downer,hdowner3k@mlb.com,Male,83.216.13.194
130,Madeleine,Permain,mpermain3l@accuweather.com,Female,152.170.151.32
131,Teresa,Bradbury,tbradbury3m@ebay.com,Female,23.94.255.7
132,Dmitri,Tremonte,dtremonte3n@census.gov,Male,250.12.21.150
133,Benyamin,Muldownie,bmuldownie3o@omniture.com,Male,244.148.37.209
134,Henriette,Johantges,hjohantges3p@umich.edu,Female,189.250.120.8
135,Tabbatha,Simmance,tsimmance3q@ustream.tv,Bigender,67.57.58.56
136,Raymund,Tottman,rtottman3r@ezinearticles.com,Male,239.223.137.86
137,Damon,Waples,dwaples3s@mediafire.com,Male,162.109.76.135
138,Lorin,McCullum,lmccullum3t@e-recht24.de,Male,53.217.215.4
139,Bartholomeus,Boddice,bboddice3u@stanford.edu,Male,55.151.45.80
140,Elke,Lacroux,elacroux3v@umich.edu,Female,163.136.131.60
141,Farra,Akerman,fakerman3w@jimdo.com,Female,120.166.206.223
142,Guenevere,Rannald,grannald3x@cornell.edu,Female,244.85.148.5
143,Tabbi,Gronous,tgronous3y@dailymotion.com,Female,27.233.74.255
144,Gertruda,O'Neary,goneary3z@usnews.com,Female,200.165.117.190
145,Tracie,Lightwood,tlightwood40@abc.net.au,Male,112.15.10.61
146,Coreen,Fitzsymonds,cfitzsymonds41@gov.uk,Female,121.123.148.104
147,Diann,Crickett,dcrickett42@joomla.org,Female,102.252.207.189
148,Heath,MacTrustrie,hmactrustrie43@live.com,Female,1.121.82.56
149,Maddy,Donnell,mdonnell44@accuweather.com,Male,175.151.48.210
150,Vivie,Bagg,vbagg45@npr.org,Female,29.36.141.169
151,Curcio,Cornner,ccornner46@printfriendly.com,Bigender,5.136.175.173
152,Blythe,Willowby,bwillowby47@wikimedia.org,Female,97.133.24.27
153,Viviene,Alcide,valcide48@seattletimes.com,Female,5.143.93.212
154,Mathilde,Boichat,mboichat49@nytimes.com,Female,117.21.116.115
155,Valencia,Marrows,vmarrows4a@posterous.com,Female,49.90.173.139
156,Chickie,Relf,crelf4b@spotify.com,Female,9.235.71.0
157,Ely,Bangs,ebangs4c@sfgate.com,Male,113.48.150.88
158,Mariann,Cokly,mcokly4d@ebay.co.uk,Genderfluid,150.228.56.12
159,Isahella,Boothroyd,iboothroyd4e@wikispaces.com,Female,88.214.183.93
160,Shandra,Silburn,ssilburn4f@wp.com,Female,97.211.207.122
161,Edan,Porcher,eporcher4g@example.com,Agender,92.225.73.97
162,Maurizio,Pedgrift,mpedgrift4h@hhs.gov,Male,106.189.96.176
163,Thorsten,Denge,tdenge4i@census.gov,Male,194.198.45.195
164,Gipsy,Venn,gvenn4j@jalbum.net,Female,75.81.234.69
165,Vina,Pentony,vpentony4k@discovery.com,Female,192.42.115.95
166,Jedidiah,Moncrieffe,jmoncrieffe4l@hhs.gov,Male,133.134.177.3
167,Timmy,Gooday,tgooday4m@pcworld.com,Male,148.224.116.81
168,Marijn,Enefer,menefer4n@nytimes.com,Male,22.46.190.47
169,Jessey,Vinall,jvinall4o@sbwire.com,Male,142.6.162.123
170,Chere,Braffington,cbraffington4p@paginegialle.it,Female,249.50.198.189
171,Terri,Vigne,tvigne4q@aboutads.info,Male,74.244.119.119
172,Winnie,Franz,wfranz4r@archive.org,Female,139.157.61.251
173,Hendrik,Dionisetto,hdionisetto4s@rediff.com,Male,36.222.194.142
174,Saidee,McCulley,smcculley4t@umn.edu,Female,127.195.227.253
175,Lenora,Mabe,lmabe4u@plala.or.jp,Female,80.43.123.10
176,Hollis,Hanway,hhanway4v@forbes.com,Male,41.139.17.33
177,Kitty,Dalrymple,kdalrymple4w@last.fm,Female,211.36.42.56
178,Cyrillus,Virgin,cvirgin4x@amazon.co.jp,Male,118.130.234.61
179,Reinaldos,Scorer,rscorer4y@imageshack.us,Male,91.255.76.57
180,Andrus,Cheley,acheley4z@ocn.ne.jp,Polygender,76.55.0.240
181,Lorenzo,Ingraham,lingraham50@google.com,Male,195.36.226.247
182,Diena,Bretherick,dbretherick51@storify.com,Non-binary,31.107.35.29
183,Pepita,Fergie,pfergie52@bizjournals.com,Female,78.132.29.163
184,Karlis,Work,kwork53@mashable.com,Male,219.252.108.224
185,Janeta,Romain,jromain54@si.edu,Female,5.134.216.20
186,Rorie,Bruckental,rbruckental55@seattletimes.com,Female,188.91.252.157
187,Almira,Gaiford,agaiford56@bbb.org,Female,163.198.55.50
188,Muffin,Montague,mmontague57@canalblog.com,Female,13.38.178.202
189,Becca,Goggins,bgoggins58@reverbnation.com,Female,168.202.245.56
190,Roxanna,Bloys,rbloys59@github.io,Female,6.249.120.27
191,Carolynn,Sauvan,csauvan5a@sciencedaily.com,Female,1.133.121.39
192,Den,Crunkhurn,dcrunkhurn5b@slate.com,Male,43.204.28.55
193,Linet,Bettles,lbettles5c@paginegialle.it,Female,31.114.161.209
194,Robbi,Kornousek,rkornousek5d@theguardian.com,Female,179.52.68.135
195,Giraud,Dudlestone,gdudlestone5e@ustream.tv,Male,85.217.139.95
196,Gretal,Seabridge,gseabridge5f@nationalgeographic.com,Female,104.250.89.167
197,Liesa,Phizackerly,lphizackerly5g@bbb.org,Female,158.128.50.40
198,Adriaens,Kix,akix5h@ask.com,Female,221.249.66.5
199,Lynde,Antonik,lantonik5i@sogou.com,Female,233.141.18.95
200,Frayda,Kubasiewicz,fkubasiewicz5j@chron.com,Non-binary,65.65.92.80
201,Aridatha,Carriage,acarriage5k@friendfeed.com,Female,184.9.184.194
202,Vickie,Parradice,vparradice5l@mozilla.com,Female,200.238.112.161
203,Lishe,Cunney,lcunney5m@disqus.com,Female,187.122.243.249
204,Berne,Murrell,bmurrell5n@aboutads.info,Male,169.65.110.250
205,Sarajane,Varey,svarey5o@google.com.au,Female,2.20.224.140
206,Tyrus,Quest,tquest5p@arstechnica.com,Male,36.234.105.139
207,Dorothea,Themann,dthemann5q@amazon.co.jp,Female,127.197.120.111
208,Ade,Challenor,achallenor5r@businessweek.com,Male,8.85.201.139
209,Martie,Walesa,mwalesa5s@disqus.com,Male,184.214.213.126
210,Barthel,Bryett,bbryett5t@blogs.com,Male,3.139.134.51
211,Terri-jo,Pardal,tpardal5u@feedburner.com,Female,199.217.244.119
212,Brander,Pothergill,bpothergill5v@multiply.com,Male,222.102.210.23
213,Dane,Bollard,dbollard5w@japanpost.jp,Male,7.89.143.235
214,Amil,Dysart,adysart5x@nymag.com,Female,95.182.56.143
215,Cati,O'Kerin,cokerin5y@techcrunch.com,Female,4.69.241.190
216,Charisse,Baldoni,cbaldoni5z@seesaa.net,Female,75.181.86.166
217,Aylmar,Pridmore,apridmore60@slideshare.net,Male,246.102.67.74
218,Rosalinde,Yelding,ryelding61@earthlink.net,Female,28.252.136.189
219,Claire,Thaller,cthaller62@go.com,Male,154.125.20.5
220,Shea,Daoust,sdaoust63@ovh.net,Male,246.116.232.160
221,Ammamaria,Blasgen,ablasgen64@unesco.org,Female,38.185.192.143
222,Willis,Visco,wvisco65@liveinternet.ru,Male,28.157.47.172
223,Merwin,Cantu,mcantu66@ow.ly,Male,53.47.243.195
224,Katleen,Sharrier,ksharrier67@google.cn,Female,79.189.60.97
225,Goober,Roberto,groberto68@cargocollective.com,Male,33.132.3.65
226,Nanny,Lambell,nlambell69@tinyurl.com,Female,140.142.173.122
227,Leonelle,Bifield,lbifield6a@yellowbook.com,Female,121.221.108.25
228,Koressa,Morando,kmorando6b@hud.gov,Female,68.230.169.252
229,Denney,Babar,dbabar6c@shop-pro.jp,Male,35.50.60.193
230,Yankee,Proppers,yproppers6d@moonfruit.com,Male,30.1.148.77
231,Ferrel,Cawson,fcawson6e@nationalgeographic.com,Male,203.3.149.50
232,Taryn,Meininking,tmeininking6f@baidu.com,Female,255.137.162.226
233,Jeri,Avrahamoff,javrahamoff6g@cnbc.com,Female,225.195.249.131
234,Tracie,Dourin,tdourin6h@goodreads.com,Male,222.81.27.53
235,Farleigh,Pevsner,fpevsner6i@utexas.edu,Male,228.252.100.46
236,Ignaz,Jaume,ijaume6j@ed.gov,Male,148.28.17.236
237,Doug,Kunneke,dkunneke6k@timesonline.co.uk,Male,38.143.205.163
238,Olivette,Bergstram,obergstram6l@dropbox.com,Female,242.195.141.247
239,Wald,Stonary,wstonary6m@narod.ru,Male,222.133.162.192
240,Alfonse,Springett,aspringett6n@parallels.com,Male,47.155.187.20
241,Jeno,Merryman,jmerryman6o@marriott.com,Male,109.186.127.44
242,Brice,Holdforth,bholdforth6p@hatena.ne.jp,Male,214.116.109.125
243,Arvie,Jelks,ajelks6q@google.ru,Male,180.164.106.253
244,Bettina,Handforth,bhandforth6r@xing.com,Female,210.67.243.92
245,Deonne,Patry,dpatry6s@usnews.com,Polygender,246.160.81.35
246,Octavius,Churcher,ochurcher6t@dyndns.org,Male,16.193.214.93
247,Clarita,Downham,cdownham6u@unc.edu,Female,19.156.183.137
248,Alex,Edwin,aedwin6v@skype.com,Male,181.41.122.79
249,Antonetta,Drinan,adrinan6w@instagram.com,Female,15.212.104.238
250,Jenn,Weymont,jweymont6x@washington.edu,Female,18.91.57.133
251,Terrye,Blumsom,tblumsom6y@spiegel.de,Female,249.24.32.249
252,Terri,Paute,tpaute6z@surveymonkey.com,Male,26.245.6.4
253,Fifi,Prisk,fprisk70@hc360.com,Non-binary,69.77.17.182
254,Bink,Surmon,bsurmon71@altervista.org,Non-binary,112.235.218.90
255,Saree,Maplethorpe,smaplethorpe72@ustream.tv,Female,23.223.100.132
256,Sophia,Whitelaw,swhitelaw73@trellian.com,Female,15.17.109.219
257,Lory,Gell,lgell74@answers.com,Female,27.234.136.202
258,Gabriele,Silverlock,gsilverlock75@jalbum.net,Male,83.32.207.120
259,Cissy,Pontin,cpontin76@lulu.com,Female,42.159.27.36
260,Maible,Audibert,maudibert77@amazon.co.uk,Female,3.170.7.79
261,Gabriele,Halling,ghalling78@nps.gov,Male,232.253.129.11
262,Melita,Baskerfield,mbaskerfield79@wunderground.com,Female,216.131.34.39
263,Sibley,Skim,sskim7a@studiopress.com,Female,19.105.103.39
264,Kelila,Nuscha,knuscha7b@berkeley.edu,Female,87.185.4.148
265,Paxton,Florence,pflorence7c@gnu.org,Male,174.253.189.139
266,Garnet,Cuxson,gcuxson7d@google.it,Female,189.249.136.23
267,Georgeta,Borg,gborg7e@jimdo.com,Female,73.154.239.213
268,Teresa,Gorriessen,tgorriessen7f@answers.com,Female,193.96.231.192
269,Thoma,Marushak,tmarushak7g@digg.com,Male,142.45.18.54
270,Sumner,Rivalant,srivalant7h@spotify.com,Male,143.168.107.211
271,Rik,Lund,rlund7i@seattletimes.com,Male,114.91.33.6
272,Bar,Leif,bleif7j@google.ru,Male,149.59.187.57
273,Amelita,MacLaughlin,amaclaughlin7k@soup.io,Female,94.215.207.149
274,Sabrina,Trevains,strevains7l@ox.ac.uk,Agender,81.29.73.74
275,Sidney,Harcarse,sharcarse7m@bandcamp.com,Male,138.247.221.54
276,Mitch,Khomishin,mkhomishin7n@wikia.com,Male,51.182.31.54
277,Lind,Seden,lseden7o@census.gov,Genderfluid,244.189.88.241
278,Herschel,Boughen,hboughen7p@shop-pro.jp,Bigender,83.147.122.39
279,Martie,Reveley,mreveley7q@about.com,Male,52.46.250.113
280,Dugald,Jiggens,djiggens7r@indiegogo.com,Male,253.236.117.212
281,Aubert,Craft,acraft7s@google.com.hk,Male,134.123.69.240
282,Mitchael,Decourcy,mdecourcy7t@nps.gov,Male,198.21.163.184
283,Rickard,Kenningham,rkenningham7u@1und1.de,Male,35.17.53.99
284,Hayden,Gergely,hgergely7v@cloudflare.com,Male,101.4.177.154
285,Gabbie,Cardozo,gcardozo7w@sogou.com,Non-binary,161.234.135.52
286,Davis,Eastlake,deastlake7x@dropbox.com,Male,143.166.45.100
287,Elizabeth,Alanbrooke,ealanbrooke7y@pbs.org,Genderfluid,224.96.136.181
288,Aeriell,Lukehurst,alukehurst7z@nydailynews.com,Female,175.180.141.4
289,Kellina,Fry,kfry80@twitter.com,Genderfluid,172.58.20.229
290,Bennie,Eneas,beneas81@opensource.org,Female,251.108.51.253
291,Ryan,Pavitt,rpavitt82@photobucket.com,Agender,208.6.84.255
292,Letty,Garrie,lgarrie83@fc2.com,Genderqueer,48.161.85.104
293,Christoffer,Jonk,cjonk84@amazon.co.jp,Male,38.176.100.130
294,Romain,Downer,rdowner85@miibeian.gov.cn,Male,112.48.25.25
295,Johnath,Dancer,jdancer86@addthis.com,Female,221.174.217.83
296,Lauryn,Palmby,lpalmby87@trellian.com,Female,60.115.20.76
297,Anny,Bergin,abergin88@harvard.edu,Female,106.246.189.82
298,Parrnell,Dand,pdand89@bbb.org,Male,143.25.22.253
299,Manuel,Seson,mseson8a@berkeley.edu,Male,179.124.46.75
300,Sherill,Kinkaid,skinkaid8b@seesaa.net,Polygender,39.160.115.29
301,Marie,Kinnerk,mkinnerk8c@hexun.com,Female,26.52.231.241
302,Foster,Ledger,fledger8d@webmd.com,Male,175.245.75.111
303,Hunter,Beaufoy,hbeaufoy8e@free.fr,Male,12.223.101.241
304,Trevor,Buckham,tbuckham8f@wufoo.com,Male,182.115.64.74
305,Burl,Cromley,bcromley8g@mozilla.org,Male,179.77.174.25
306,Konstantine,Teal,kteal8h@biblegateway.com,Male,115.75.198.113
307,Violante,Parris,vparris8i@sciencedaily.com,Female,139.69.10.67
308,Patsy,Arrighetti,parrighetti8j@icq.com,Male,220.58.219.43
309,Cherry,Dockreay,cdockreay8k@nationalgeographic.com,Female,246.62.99.174
310,Gerladina,Ferronel,gferronel8l@ning.com,Non-binary,62.207.210.71
311,Loralie,Kennefick,lkennefick8m@vk.com,Female,15.126.171.22
312,Heall,Bohlmann,hbohlmann8n@people.com.cn,Polygender,8.228.32.81
313,Tammy,Howson,thowson8o@bluehost.com,Male,251.45.145.169
314,Puff,Klaff,pklaff8p@goo.ne.jp,Male,231.202.104.146
315,Marrissa,Kinglesyd,mkinglesyd8q@is.gd,Female,62.118.0.246
316,Cherie,Peppard,cpeppard8r@netscape.com,Non-binary,189.227.184.132
317,Rubin,Sleeman,rsleeman8s@i2i.jp,Agender,101.49.236.121
318,Beauregard,Denis,bdenis8t@last.fm,Non-binary,193.132.102.255
319,Colin,Cawcutt,ccawcutt8u@npr.org,Male,219.236.76.230
320,Arline,Goodhand,agoodhand8v@stanford.edu,Female,77.92.36.6
321,Levi,Bernardi,lbernardi8w@weibo.com,Male,97.71.7.16
322,Belle,Gogin,bgogin8x@is.gd,Female,20.36.244.204
323,Chastity,Budding,cbudding8y@imageshack.us,Female,129.240.98.23
324,Todd,Brunstan,tbrunstan8z@sun.com,Male,81.40.80.95
325,Garrot,Bowller,gbowller90@joomla.org,Male,179.56.190.98
326,Sally,Rennock,srennock91@artisteer.com,Female,220.125.149.150
327,Sheffy,Hacun,shacun92@twitter.com,Male,193.133.199.56
328,Xymenes,Ewers,xewers93@furl.net,Male,105.45.44.233
329,Adamo,Pasby,apasby94@photobucket.com,Male,163.3.221.55
330,Susanna,Jobe,sjobe95@google.ru,Female,127.110.205.1
331,Skipton,Loudian,sloudian96@4shared.com,Genderqueer,161.196.84.218
332,Imogene,Grimmolby,igrimmolby97@typepad.com,Female,253.119.102.9
333,Lucias,Richemond,lrichemond98@phoca.cz,Male,75.62.3.57
334,Sollie,Frankel,sfrankel99@cnet.com,Male,132.90.65.179
335,Yoshi,Scrimshire,yscrimshire9a@state.gov,Female,176.232.186.75
336,Kassia,Bradforth,kbradforth9b@g.co,Female,230.232.20.71
337,Keelia,Swainston,kswainston9c@flickr.com,Female,165.118.47.147
338,Evita,Langforth,elangforth9d@sun.com,Female,56.211.134.225
339,Jodi,Labrone,jlabrone9e@merriam-webster.com,Female,219.11.174.74
340,Karrie,Picken,kpicken9f@netlog.com,Female,138.210.180.219
341,Carmelle,Moscon,cmoscon9g@tamu.edu,Female,169.12.200.54
342,Dot,Peterson,dpeterson9h@ask.com,Female,116.182.157.28
343,Maximilien,McKennan,mmckennan9i@qq.com,Male,202.246.37.222
344,Bertine,Jorger,bjorger9j@behance.net,Genderqueer,61.100.188.219
345,Audie,Everley,aeverley9k@timesonline.co.uk,Female,47.89.8.111
346,Corrinne,Critch,ccritch9l@istockphoto.com,Female,8.251.159.118
347,Sheffield,Rassell,srassell9m@oaic.gov.au,Male,30.209.192.222
348,Felita,Streight,fstreight9n@tmall.com,Female,91.157.68.57
349,Mathian,Choppen,mchoppen9o@msu.edu,Male,66.52.23.212
350,Romeo,Rustman,rrustman9p@foxnews.com,Male,24.53.249.0
351,Wildon,Ackwood,wackwood9q@timesonline.co.uk,Male,59.115.134.17
352,Jenni,Coughtrey,jcoughtrey9r@newyorker.com,Female,72.118.221.210
353,Goddart,Rodolphe,grodolphe9s@ox.ac.uk,Male,21.23.157.185
354,Renelle,Kyttor,rkyttor9t@cargocollective.com,Female,248.164.40.6
355,Cecil,Porter,cporter9u@tumblr.com,Female,239.55.246.65
356,Tiffy,Skerme,tskerme9v@biglobe.ne.jp,Female,79.11.159.32
357,Tiena,Meecher,tmeecher9w@noaa.gov,Female,250.111.65.133
358,Stephine,Whapham,swhapham9x@hibu.com,Female,127.51.131.177
359,Xymenes,Tremblot,xtremblot9y@comsenz.com,Male,242.134.175.168
360,Moyna,Del Monte,mdelmonte9z@1688.com,Female,48.89.176.222
361,Tobe,Houndsom,thoundsoma0@google.es,Female,210.9.133.57
362,Cale,Pynn,cpynna1@reuters.com,Male,119.6.13.109
363,Donavon,Illyes,dillyesa2@huffingtonpost.com,Male,197.235.93.48
364,Winnifred,Chitson,wchitsona3@oracle.com,Female,153.45.115.4
365,Leandra,Peschmann,lpeschmanna4@yolasite.com,Female,172.0.235.152
366,Mart,Teanby,mteanbya5@google.com.hk,Male,146.184.247.74
367,Kristofor,Zavattari,kzavattaria6@tmall.com,Male,232.126.180.214
368,Antonin,Andreone,aandreonea7@jiathis.com,Male,130.110.51.226
369,Madison,Quinnelly,mquinnellya8@go.com,Male,160.187.137.48
370,Ivory,Nanni,inannia9@themeforest.net,Female,239.156.172.136
371,Merrily,Shilston,mshilstonaa@berkeley.edu,Female,250.186.181.10
372,Allis,Fossord,afossordab@virginia.edu,Female,59.80.141.235
373,Magdaia,Medcalf,mmedcalfac@huffingtonpost.com,Female,97.112.104.208
374,Lilith,McGilbon,lmcgilbonad@wordpress.com,Female,91.225.12.30
375,Vince,Dever,vdeverae@etsy.com,Male,202.247.206.24
376,Aubert,Groveham,agrovehamaf@cyberchimps.com,Male,23.253.67.79
377,Jane,Dobel,jdobelag@ycombinator.com,Female,180.166.229.139
378,Ellynn,Catmull,ecatmullah@xrea.com,Female,26.185.128.105
379,Marybeth,Wheelwright,mwheelwrightai@cloudflare.com,Female,66.80.1.109
380,Broderic,Dericot,bdericotaj@biglobe.ne.jp,Male,175.244.141.99
381,Reuben,Gerrans,rgerransak@ning.com,Male,140.148.2.224
382,Nick,Skully,nskullyal@comsenz.com,Genderqueer,68.149.163.97
383,Sunny,Scudders,sscuddersam@pcworld.com,Male,137.238.132.121
384,Morton,Alsop,malsopan@yellowpages.com,Male,186.114.223.6
385,Gabbey,Van der Hoven,gvanderhovenao@pinterest.com,Agender,127.47.201.91
386,Susannah,Stogill,sstogillap@un.org,Agender,30.18.186.222
387,Rudie,Paridge,rparidgeaq@uol.com.br,Male,224.144.161.189
388,Cyndi,Simonot,csimonotar@amazon.co.jp,Female,235.128.95.97
389,Ivan,Garlick,igarlickas@addthis.com,Male,150.151.220.248
390,Rodie,Finnie,rfinnieat@ca.gov,Female,207.45.166.205
391,Isidora,Conan,iconanau@fda.gov,Female,17.247.155.47
392,Penni,Mazin,pmazinav@unc.edu,Female,101.182.185.130
393,Sonny,Bleyman,sbleymanaw@oracle.com,Male,165.77.87.97
394,Gawain,Robben,grobbenax@google.de,Male,100.48.51.91
395,Freddie,De Anesy,fdeanesyay@ebay.co.uk,Female,35.227.162.53
396,Karlyn,Polhill,kpolhillaz@scientificamerican.com,Female,244.15.89.77
397,Vince,Smardon,vsmardonb0@cam.ac.uk,Male,162.131.249.87
398,Jordon,Fassan,jfassanb1@csmonitor.com,Male,235.196.23.149
399,Rosamond,Slowgrove,rslowgroveb2@berkeley.edu,Female,110.119.134.144
400,Sophronia,Winfindale,swinfindaleb3@wikimedia.org,Female,245.106.163.82
401,Doti,Larive,dlariveb4@pbs.org,Female,26.127.90.107
402,Mendie,Higford,mhigfordb5@cyberchimps.com,Polygender,108.185.157.203
403,Marie-jeanne,Deny,mdenyb6@scientificamerican.com,Female,153.30.113.7
404,Jourdan,Olden,joldenb7@cpanel.net,Female,128.138.10.50
405,Norbie,Seekings,nseekingsb8@com.com,Male,239.218.135.176
406,Horatio,Headly,hheadlyb9@so-net.ne.jp,Male,139.246.234.213
407,Analise,Bardwell,abardwellba@princeton.edu,Genderfluid,164.198.120.69
408,Monique,Rashleigh,mrashleighbb@cdbaby.com,Female,80.230.77.146
409,Neron,Huggett,nhuggettbc@ed.gov,Male,159.233.250.245
410,Vina,Peto,vpetobd@prlog.org,Female,81.135.165.184
411,Mignon,Darville,mdarvillebe@gizmodo.com,Bigender,236.5.10.25
412,Lura,Jealous,ljealousbf@creativecommons.org,Female,191.126.113.234
413,Ced,Jobey,cjobeybg@independent.co.uk,Male,62.238.60.63
414,Brianna,Barham,bbarhambh@unblog.fr,Female,53.140.250.214
415,Nicol,Joinson,njoinsonbi@list-manage.com,Female,251.209.226.192
416,Sharron,Gremain,sgremainbj@skyrock.com,Female,154.94.220.74
417,Rochette,Coughlin,rcoughlinbk@webeden.co.uk,Polygender,92.214.232.97
418,Aimil,Nelles,anellesbl@microsoft.com,Female,110.148.222.169
419,William,Miebes,wmiebesbm@wordpress.com,Male,37.46.142.131
420,Melisse,Burles,mburlesbn@abc.net.au,Female,30.228.89.214
421,Buck,Carder,bcarderbo@example.com,Male,87.9.238.229
422,Hersch,Bradberry,hbradberrybp@about.com,Male,46.189.216.199
423,Omar,Dogerty,odogertybq@eepurl.com,Polygender,83.240.123.61
424,Elyssa,Tregent,etregentbr@devhub.com,Female,17.99.192.57
425,Milena,Jerrard,mjerrardbs@fda.gov,Female,240.245.171.241
426,Husain,Scruby,hscrubybt@pbs.org,Male,172.101.233.146
427,Bernard,Sandey,bsandeybu@narod.ru,Male,36.10.149.249
428,Helli,Clapperton,hclappertonbv@vkontakte.ru,Bigender,42.41.1.70
429,Rickey,Kemball,rkemballbw@home.pl,Male,238.243.56.38
430,Garold,Lorans,gloransbx@paginegialle.it,Male,100.226.119.172
431,Leicester,Passy,lpassyby@auda.org.au,Male,32.172.220.124
432,Kamila,Trumpeter,ktrumpeterbz@ox.ac.uk,Female,184.37.56.132
433,Normie,Skrines,nskrinesc0@ucoz.com,Male,97.106.173.119
434,Margalo,Curror,mcurrorc1@people.com.cn,Female,209.108.101.154
435,Abbey,Rops,aropsc2@yellowbook.com,Male,110.88.226.182
436,Jacqui,Jury,jjuryc3@blogtalkradio.com,Bigender,222.133.155.173
437,Oliviero,Heaviside,oheavisidec4@opensource.org,Male,244.215.223.228
438,Cornie,Peery,cpeeryc5@uol.com.br,Male,41.143.62.212
439,Roy,De Mico,rdemicoc6@posterous.com,Male,219.125.15.194
440,Merrili,Whitty,mwhittyc7@ted.com,Female,119.142.2.210
441,Florinda,Marty,fmartyc8@wired.com,Female,40.64.5.1
442,Kelila,Obin,kobinc9@nydailynews.com,Female,140.66.74.15
443,Cristine,Stares,cstaresca@redcross.org,Female,138.218.2.150
444,Audrey,Padbery,apadberycb@aboutads.info,Female,235.163.145.18
445,Garwood,Probert,gprobertcc@bbc.co.uk,Male,227.190.65.104
446,Doug,Orht,dorhtcd@miitbeian.gov.cn,Male,218.32.61.42
447,Hamlen,Churm,hchurmce@google.com.hk,Male,166.193.14.190
448,Cass,Toderbrugge,ctoderbruggecf@usa.gov,Female,109.233.92.238
449,Adah,Relfe,arelfecg@gnu.org,Female,244.213.170.16
450,Idalia,Fackney,ifackneych@ow.ly,Female,114.175.105.81
451,Tonye,Bathowe,tbathoweci@feedburner.com,Genderqueer,110.60.219.66
452,Terrye,Beri,tbericj@about.com,Female,65.232.19.8
453,Wake,Aves,wavesck@flickr.com,Male,180.251.13.242
454,Travus,Everly,teverlycl@tinyurl.com,Male,81.140.204.79
455,Janie,Jaycocks,jjaycockscm@so-net.ne.jp,Female,118.52.172.205
456,Bond,Monteaux,bmonteauxcn@shareasale.com,Male,67.68.220.179
457,Jory,Baxter,jbaxterco@tripod.com,Male,116.239.43.242
458,Clara,Francello,cfrancellocp@yolasite.com,Female,193.43.49.64
459,Law,Rigg,lriggcq@sciencedaily.com,Male,115.166.66.250
460,Belle,Cloughton,bcloughtoncr@diigo.com,Polygender,69.216.177.225
461,Alphonse,Gyves,agyvescs@pen.io,Male,207.223.82.99
462,Marne,Hamer,mhamerct@posterous.com,Female,49.232.218.53
463,Agustin,Mailey,amaileycu@youtube.com,Male,35.84.153.189
464,Garv,Onthank,gonthankcv@delicious.com,Male,213.119.223.109
465,Broddy,Heifer,bheifercw@abc.net.au,Male,255.236.124.28
466,Montague,Helks,mhelkscx@nsw.gov.au,Male,62.29.107.157
467,Bradley,Holston,bholstoncy@a8.net,Male,238.195.75.153
468,Paul,Cubbon,pcubboncz@techcrunch.com,Male,2.147.47.20
469,Saul,Bilbrooke,sbilbrooked0@un.org,Male,186.209.143.66
470,Malissia,Lawey,mlaweyd1@skype.com,Female,2.30.77.81
471,Harri,Defries,hdefriesd2@ihg.com,Female,34.246.200.232
472,Tony,Janca,tjancad3@nsw.gov.au,Female,210.145.230.112
473,Paddie,Garnham,pgarnhamd4@harvard.edu,Male,63.89.238.197
474,Karoly,Ullock,kullockd5@wordpress.com,Male,5.70.206.85
475,Tabbie,Perroni,tperronid6@amazonaws.com,Female,97.255.157.149
476,Marcello,Bamling,mbamlingd7@sphinn.com,Male,33.51.229.100
477,Chet,Woodyatt,cwoodyattd8@delicious.com,Male,188.82.247.123
478,Paola,Dowglass,pdowglassd9@goodreads.com,Female,58.102.54.132
479,Dorthea,Veregan,dvereganda@alexa.com,Female,89.101.181.127
480,Roshelle,Bodker,rbodkerdb@msu.edu,Female,43.115.32.149
481,Afton,Danford,adanforddc@java.com,Female,230.46.117.177
482,Ogdan,Luty,olutydd@paypal.com,Male,2.61.97.176
483,Mariana,Rosenberg,mrosenbergde@mashable.com,Female,207.182.197.74
484,Darell,Grout,dgroutdf@wikipedia.org,Female,100.50.6.89
485,Shadow,Hollows,shollowsdg@tiny.cc,Genderqueer,238.202.123.76
486,Maxy,Stubbes,mstubbesdh@dedecms.com,Female,111.1.152.242
487,Ely,Walicki,ewalickidi@sohu.com,Male,156.96.64.249
488,Berta,Heddy,bheddydj@msn.com,Female,177.177.156.106
489,Suzie,Rottcher,srottcherdk@github.io,Female,35.40.132.213
490,Camel,Endrizzi,cendrizzidl@sohu.com,Female,7.42.179.105
491,Van,Demko,vdemkodm@wired.com,Male,227.68.185.169
492,Garnet,Durker,gdurkerdn@columbia.edu,Female,93.132.172.22
493,Aile,Perrat,aperratdo@globo.com,Female,228.98.170.109
494,Odey,Slatcher,oslatcherdp@auda.org.au,Male,209.9.232.117
495,Theresina,Skep,tskepdq@cam.ac.uk,Female,43.161.74.79
496,Gordie,Pashen,gpashendr@yellowpages.com,Male,177.212.108.154
497,Corbet,Brunon,cbrunonds@theglobeandmail.com,Male,96.182.122.46
498,Emmet,Parnall,eparnalldt@delicious.com,Male,30.136.244.168
499,Britney,Elders,beldersdu@goo.gl,Female,203.189.187.192
500,Mal,Bygrove,mbygrovedv@squidoo.com,Male,138.249.152.206
501,Staford,Speere,sspeeredw@drupal.org,Male,144.184.113.236
502,Leopold,Thurston,lthurstondx@feedburner.com,Male,37.109.203.61
503,Kennith,McGrane,kmcgranedy@hc360.com,Non-binary,144.111.67.144
504,Verene,Ramsier,vramsierdz@msn.com,Female,209.196.177.189
505,Oneida,Pont,oponte0@nbcnews.com,Female,73.173.142.121
506,Lacy,Donnell,ldonnelle1@ftc.gov,Female,138.127.48.48
507,Kylila,Ferreras,kferrerase2@discovery.com,Female,223.14.22.5
508,Suzette,Lodin,slodine3@deviantart.com,Female,190.197.45.79
509,Nicky,Lesmonde,nlesmondee4@harvard.edu,Male,80.190.234.37
510,Westbrook,Calver,wcalvere5@youku.com,Genderqueer,107.229.152.39
511,Wilek,Janouch,wjanouche6@businessinsider.com,Male,186.182.38.55
512,Emmaline,Toghill,etoghille7@ocn.ne.jp,Female,18.184.128.220
513,Vilhelmina,Gorman,vgormane8@amazon.com,Female,52.20.183.222
514,Nita,Russan,nrussane9@etsy.com,Female,243.0.236.239
515,Fancie,Jankiewicz,fjankiewiczea@imgur.com,Female,7.124.163.191
516,Petronia,Vuitton,pvuittoneb@msn.com,Female,155.158.168.178
517,Amory,Burtwhistle,aburtwhistleec@ocn.ne.jp,Male,81.3.251.254
518,Rinaldo,Pinsent,rpinsented@e-recht24.de,Male,134.158.141.232
519,Berty,Kenshole,bkensholeee@booking.com,Male,121.40.231.78
520,Paulita,Synder,psynderef@blogs.com,Female,235.193.52.84
521,Hobey,Edginton,hedgintoneg@microsoft.com,Male,3.53.204.145
522,Leicester,Bullers,lbullerseh@businessinsider.com,Agender,124.3.154.158
523,Hermina,Lathy,hlathyei@ted.com,Female,97.250.201.12
524,Pietra,Earle,pearleej@slate.com,Female,93.117.232.147
525,Barnaby,Vahey,bvaheyek@hhs.gov,Male,176.227.30.47
526,Melly,Thornewell,mthornewellel@booking.com,Female,170.154.74.125
527,Ange,Fridlington,afridlingtonem@google.com.hk,Male,7.230.229.250
528,Margret,Leatham,mleathamen@prweb.com,Female,159.107.249.27
529,Pepita,Muff,pmuffeo@google.es,Female,239.89.52.253
530,Shanie,Quillinane,squillinaneep@usnews.com,Female,83.142.170.80
531,Oswell,Carvil,ocarvileq@pcworld.com,Genderfluid,3.141.26.142
532,Ottilie,Burgin,oburginer@4shared.com,Female,223.202.229.250
533,Bondy,Karpmann,bkarpmannes@yale.edu,Male,174.207.97.197
534,Delbert,Bouette,dbouetteet@gmpg.org,Male,73.107.38.163
535,Massimiliano,Abrahamsen,mabrahamseneu@discovery.com,Male,86.211.155.128
536,Lavinie,Clapham,lclaphamev@storify.com,Genderfluid,8.146.236.216
537,Blayne,Warlaw,bwarlawew@prweb.com,Male,206.75.17.239
538,Perkin,Deviney,pdevineyex@va.gov,Male,244.150.93.197
539,Lucila,Lockhurst,llockhurstey@over-blog.com,Female,81.248.64.92
540,Abigael,Doddrell,adoddrellez@nba.com,Female,233.193.35.191
541,Gerhardine,Minihan,gminihanf0@state.tx.us,Polygender,5.69.14.162
542,Goldarina,Lightowler,glightowlerf1@webnode.com,Female,17.11.138.93
543,Vinni,Pawlaczyk,vpawlaczykf2@apple.com,Female,214.152.131.36
544,Deck,Clendennen,dclendennenf3@cisco.com,Male,138.173.179.64
545,Ham,Brimblecomb,hbrimblecombf4@army.mil,Male,134.192.119.191
546,Charlton,Tremlett,ctremlettf5@narod.ru,Male,169.67.148.180
547,Thornton,Burnitt,tburnittf6@netlog.com,Genderqueer,13.197.29.249
548,Arabel,Lippard,alippardf7@yellowpages.com,Female,57.128.199.2
549,Aubrey,Bowich,abowichf8@pinterest.com,Female,130.203.16.41
550,Phillis,Comello,pcomellof9@biblegateway.com,Female,206.202.144.132
551,Jammal,Fever,jfeverfa@qq.com,Male,116.69.140.68
552,Nicol,Messitt,nmessittfb@wordpress.org,Male,185.35.221.1
553,Grata,Menico,gmenicofc@printfriendly.com,Female,94.115.255.203
554,Pierson,Rumsey,prumseyfd@craigslist.org,Male,8.10.105.54
555,Adan,Biggadyke,abiggadykefe@time.com,Agender,145.207.140.129
556,Christina,Feore,cfeoreff@netscape.com,Female,188.223.13.22
557,Sonnie,Robinet,srobinetfg@spotify.com,Female,139.53.177.145
558,Davine,Gerry,dgerryfh@whitehouse.gov,Female,136.27.30.222
559,Alexa,Eckersley,aeckersleyfi@livejournal.com,Female,251.117.142.76
560,Johnnie,Gilliard,jgilliardfj@about.me,Male,5.65.242.99
561,Adriena,Skynner,askynnerfk@senate.gov,Female,235.47.174.90
562,Valdemar,Strank,vstrankfl@google.ca,Male,199.179.148.114
563,Ellwood,Bruyntjes,ebruyntjesfm@list-manage.com,Male,170.229.219.10
564,Carr,Upton,cuptonfn@bbb.org,Male,39.209.132.189
565,Drusilla,Figge,dfiggefo@51.la,Female,250.136.97.196
566,Chariot,Lebourn,clebournfp@i2i.jp,Male,92.92.228.236
567,Pavia,Leonards,pleonardsfq@wufoo.com,Female,156.2.171.224
568,Helaina,Lapworth,hlapworthfr@acquirethisname.com,Female,36.70.179.1
569,Lois,Hazael,lhazaelfs@ovh.net,Female,224.124.253.36
570,Mannie,Geator,mgeatorft@pinterest.com,Male,187.109.158.84
571,Esther,Dittson,edittsonfu@walmart.com,Female,122.37.138.95
572,Ranique,Wagenen,rwagenenfv@tmall.com,Female,113.195.57.137
573,Halie,Coldwell,hcoldwellfw@nifty.com,Female,254.141.150.66
574,Lewie,Wehner,lwehnerfx@edublogs.org,Male,22.227.0.221
575,Rolph,Erwin,rerwinfy@github.io,Male,147.190.42.174
576,Geneva,Brigdale,gbrigdalefz@bizjournals.com,Female,75.203.182.35
577,Merry,Kendell,mkendellg0@huffingtonpost.com,Female,47.134.249.234
578,Sarita,Fruchon,sfruchong1@people.com.cn,Female,111.153.5.208
579,Jilli,Acors,jacorsg2@miibeian.gov.cn,Female,14.133.195.178
580,Domeniga,Milburn,dmilburng3@so-net.ne.jp,Female,89.207.104.223
581,Edward,Lorinez,elorinezg4@bloglovin.com,Male,249.86.109.117
582,Russ,Bracchi,rbracchig5@topsy.com,Male,181.192.119.106
583,Appolonia,Lumpkin,alumpking6@slashdot.org,Female,165.143.87.197
584,Vivie,Howsam,vhowsamg7@seesaa.net,Female,19.24.38.37
585,Cosetta,Gayne,cgayneg8@photobucket.com,Female,53.251.137.41
586,Bobbee,Slograve,bslograveg9@theguardian.com,Female,80.78.217.214
587,Amara,Iddison,aiddisonga@baidu.com,Female,167.143.3.192
588,Debra,Scinelli,dscinelligb@prlog.org,Female,147.132.10.21
589,Ban,Croix,bcroixgc@earthlink.net,Male,211.77.136.119
590,Juliana,Godilington,jgodilingtongd@mit.edu,Female,192.119.155.18
591,Kristoffer,Boulden,kbouldenge@vistaprint.com,Male,174.196.59.97
592,Ario,Lambart,alambartgf@yellowpages.com,Male,27.11.90.133
593,Chas,Amis,camisgg@de.vu,Male,236.79.177.42
594,Wren,Allom,wallomgh@furl.net,Agender,220.154.183.38
595,Holmes,Deakan,hdeakangi@yandex.ru,Male,240.210.2.122
596,Constantine,Abramovici,cabramovicigj@webnode.com,Male,91.200.79.219
597,Chev,L'oiseau,cloiseaugk@google.co.jp,Male,198.186.106.254
598,Hewe,Beldam,hbeldamgl@digg.com,Male,136.105.223.58
599,Keith,Czaple,kczaplegm@japanpost.jp,Male,199.241.16.75
600,Kaylyn,Essberger,kessbergergn@cocolog-nifty.com,Female,209.235.50.109
601,Loni,Barck,lbarckgo@columbia.edu,Female,11.135.147.51
602,Leodora,Durrad,ldurradgp@about.me,Female,121.99.54.39
603,Lyle,Dyball,ldyballgq@livejournal.com,Male,175.96.64.230
604,Norbie,Ridgley,nridgleygr@yahoo.co.jp,Male,211.64.203.178
605,Barty,McQuode,bmcquodegs@edublogs.org,Male,167.193.180.249
606,Frances,Beceril,fbecerilgt@freewebs.com,Female,102.3.253.108
607,Lavena,Skene,lskenegu@hugedomains.com,Polygender,187.182.231.132
608,Veronika,Aggus,vaggusgv@sakura.ne.jp,Female,105.241.9.21
609,Delores,Serman,dsermangw@marketwatch.com,Female,59.132.133.144
610,Aurlie,Upjohn,aupjohngx@google.cn,Female,208.171.160.239
611,Fernando,Gipp,fgippgy@sina.com.cn,Male,158.209.163.47
612,Claudius,Esterbrook,cesterbrookgz@huffingtonpost.com,Male,126.145.237.91
613,Hailee,Fitchell,hfitchellh0@usgs.gov,Female,26.186.252.64
614,Myca,Chaudrelle,mchaudrelleh1@symantec.com,Male,60.220.100.171
615,Ali,Croney,acroneyh2@reuters.com,Genderfluid,241.249.22.81
616,Ellswerth,Probate,eprobateh3@latimes.com,Male,92.238.83.129
617,Becki,Wison,bwisonh4@sbwire.com,Female,59.221.118.231
618,Shurwood,Braidwood,sbraidwoodh5@1und1.de,Male,175.81.86.243
619,Nora,Stone Fewings,nstonefewingsh6@biglobe.ne.jp,Female,126.110.157.55
620,Paton,Trouel,ptrouelh7@xinhuanet.com,Male,173.74.179.30
621,Natasha,Brain,nbrainh8@salon.com,Agender,216.248.35.18
622,Margaretta,Lewzey,mlewzeyh9@sfgate.com,Female,22.189.189.217
623,Rosabelle,Salvador,rsalvadorha@narod.ru,Female,19.77.43.150
624,Kirbee,Klesl,kkleslhb@oracle.com,Female,55.176.245.154
625,Mariska,Gleadhell,mgleadhellhc@indiegogo.com,Female,123.99.227.13
626,Mariejeanne,Tunnick,mtunnickhd@jugem.jp,Female,189.36.91.196
627,Renard,Knipe,rknipehe@samsung.com,Male,175.247.134.26
628,Brod,O'Lagene,bolagenehf@xing.com,Bigender,44.118.139.116
629,Kaitlynn,MacCahey,kmaccaheyhg@usa.gov,Female,80.226.223.48
630,Cissy,Klus,cklushh@angelfire.com,Female,83.185.227.111
631,Rustin,Breawood,rbreawoodhi@tmall.com,Male,53.211.246.175
632,Avivah,Mancktelow,amancktelowhj@nytimes.com,Female,9.198.97.158
633,Meriel,Corser,mcorserhk@furl.net,Female,83.37.157.206
634,Mateo,Salerg,msalerghl@cafepress.com,Male,215.125.43.236
635,Kevyn,Panther,kpantherhm@xinhuanet.com,Female,130.15.24.53
636,Turner,Cunnow,tcunnowhn@technorati.com,Male,196.176.208.226
637,Spence,Tireman,stiremanho@hugedomains.com,Male,180.226.146.188
638,Ruthanne,Fears,rfearshp@xinhuanet.com,Female,18.33.102.24
639,Webb,Jewster,wjewsterhq@hud.gov,Male,182.9.65.224
640,Thomas,Ace,tacehr@google.ru,Male,244.84.206.169
641,Drusie,Pickering,dpickeringhs@timesonline.co.uk,Female,10.7.205.83
642,Brose,Oldall,boldallht@seattletimes.com,Male,243.40.125.149
643,Pauli,Hanhard,phanhardhu@washington.edu,Genderfluid,41.163.196.129
644,Julie,Kochlin,jkochlinhv@flavors.me,Male,208.254.129.217
645,Evered,Caccavari,ecaccavarihw@mlb.com,Male,31.13.61.224
646,Amaleta,Scyner,ascynerhx@cpanel.net,Female,125.163.154.196
647,Ernst,Vaune,evaunehy@google.co.uk,Male,33.146.63.159
648,Nedi,Dyshart,ndysharthz@mashable.com,Female,133.170.112.109
649,Jenni,Bourton,jbourtoni0@ask.com,Non-binary,143.26.69.65
650,Charlot,Lorking,clorkingi1@indiegogo.com,Female,233.228.144.242
651,Aileen,Hamshere,ahamsherei2@ning.com,Female,45.208.102.247
652,Bail,Senechell,bsenechelli3@cmu.edu,Male,132.255.71.253
653,Harley,Burnup,hburnupi4@yolasite.com,Male,217.28.194.217
654,Delmar,Kilfeather,dkilfeatheri5@sakura.ne.jp,Male,155.23.223.17
655,Adela,Balog,abalogi6@blogtalkradio.com,Female,102.102.84.248
656,Ethelin,Gauson,egausoni7@macromedia.com,Female,23.188.83.124
657,Dorolisa,Giacomozzo,dgiacomozzoi8@msn.com,Genderqueer,44.93.238.76
658,Magnum,Rowett,mrowetti9@tumblr.com,Male,91.72.163.197
659,Jerrome,Greatrex,jgreatrexia@example.com,Male,43.252.175.150
660,Catha,Ranner,crannerib@technorati.com,Female,206.67.228.112
661,Davin,Van Oord,dvanoordic@addthis.com,Male,76.235.224.195
662,Anastasia,Lavell,alavellid@networkadvertising.org,Female,102.254.5.115
663,Ennis,Cuthbert,ecuthbertie@ocn.ne.jp,Male,219.34.238.201
664,Arni,Larrosa,alarrosaif@cpanel.net,Male,49.171.249.77
665,Alva,Bacchus,abacchusig@amazon.co.uk,Male,200.13.4.171
666,Xena,Kenlin,xkenlinih@loc.gov,Female,43.32.92.74
667,Lennard,Halston,lhalstonii@bloglines.com,Non-binary,96.36.249.241
668,Felisha,Trotton,ftrottonij@ehow.com,Female,152.255.94.125
669,Nilson,Chatfield,nchatfieldik@facebook.com,Male,91.169.62.240
670,Frants,Perigeaux,fperigeauxil@about.me,Male,159.81.81.30
671,Andris,Cornejo,acornejoim@wikipedia.org,Male,128.113.118.217
672,Myrta,Rustan,mrustanin@businesswire.com,Female,79.85.74.66
673,Phedra,Gallemore,pgallemoreio@weather.com,Female,96.191.21.154
674,Anastasie,Burdett,aburdettip@wufoo.com,Female,68.241.229.6
675,Elnore,Labbez,elabbeziq@360.cn,Genderfluid,220.143.201.67
676,Gustavo,Grimoldby,ggrimoldbyir@stanford.edu,Male,4.19.44.4
677,Ollie,Baise,obaiseis@gnu.org,Female,218.157.122.11
678,Franchot,O'Cahsedy,focahsedyit@youku.com,Genderqueer,174.156.213.24
679,Aloin,Papaminas,apapaminasiu@xinhuanet.com,Male,101.254.52.67
680,Herbert,Mortimer,hmortimeriv@indiegogo.com,Polygender,119.33.74.13
681,Conway,De Vries,cdevriesiw@freewebs.com,Male,177.157.134.151
682,Addie,Demead,ademeadix@123-reg.co.uk,Male,74.134.66.115
683,Zach,Ivanichev,zivanicheviy@nifty.com,Male,202.173.31.34
684,Nana,McKean,nmckeaniz@xing.com,Female,110.54.206.163
685,Freemon,Kinahan,fkinahanj0@gov.uk,Male,113.26.6.249
686,Cameron,Rubertelli,crubertellij1@merriam-webster.com,Male,65.244.107.178
687,Mimi,Beddows,mbeddowsj2@cocolog-nifty.com,Female,206.168.81.27
688,Osbert,Papez,opapezj3@bizjournals.com,Male,171.212.215.4
689,Uri,Caps,ucapsj4@ucsd.edu,Polygender,166.74.82.23
690,Atlanta,Waberer,awabererj5@about.me,Female,48.22.92.186
691,Walther,Ramshay,wramshayj6@google.com,Male,138.248.250.174
692,Layney,Applebee,lapplebeej7@cbsnews.com,Female,94.200.47.85
693,Tallulah,Jensen,tjensenj8@seesaa.net,Bigender,107.67.161.190
694,Orlando,Denizet,odenizetj9@bandcamp.com,Male,219.203.243.207
695,Rip,Dumbrell,rdumbrellja@nps.gov,Male,130.57.42.26
696,Sasha,Shier,sshierjb@go.com,Female,49.55.158.58
697,Brittani,Enstone,benstonejc@deviantart.com,Agender,103.23.206.57
698,Eduardo,Grunnill,egrunnilljd@tumblr.com,Male,214.177.69.2
699,Rogers,Hagan,rhaganje@nhs.uk,Male,63.8.103.201
700,Nicol,Tuohy,ntuohyjf@issuu.com,Male,95.110.40.61
701,Foss,Ianizzi,fianizzijg@slideshare.net,Male,75.40.103.117
702,Marjie,Graveston,mgravestonjh@adobe.com,Female,234.208.12.124
703,Munroe,Mainwaring,mmainwaringji@dagondesign.com,Male,2.59.251.255
704,Heriberto,Vigne,hvignejj@tiny.cc,Male,38.163.136.44
705,Malory,Dudgeon,mdudgeonjk@unc.edu,Female,138.99.246.243
706,Temp,Sahlstrom,tsahlstromjl@time.com,Male,53.175.100.75
707,Jamesy,Vogel,jvogeljm@home.pl,Male,182.12.242.70
708,Rakel,Normadell,rnormadelljn@ifeng.com,Bigender,202.98.45.44
709,Weider,McCourt,wmccourtjo@nba.com,Male,228.87.249.133
710,Sumner,Lathwell,slathwelljp@psu.edu,Male,78.118.156.44
711,Jacintha,Harverson,jharversonjq@qq.com,Female,91.251.139.223
712,Fanechka,Philbrook,fphilbrookjr@scientificamerican.com,Female,231.57.167.102
713,Dalenna,Lillistone,dlillistonejs@chron.com,Female,232.225.0.52
714,Mark,Slaymaker,mslaymakerjt@devhub.com,Male,105.151.148.236
715,Kathye,Verlinde,kverlindeju@purevolume.com,Female,181.129.127.152
716,Vidovic,Raise,vraisejv@nps.gov,Male,129.147.1.197
717,Morna,Ranner,mrannerjw@unesco.org,Female,158.253.126.157
718,Gerri,Mauger,gmaugerjx@google.pl,Non-binary,180.84.150.47
719,Sharona,Danilov,sdanilovjy@umn.edu,Female,163.128.68.40
720,Emera,Flory,efloryjz@latimes.com,Female,1.79.158.123
721,Jodie,Halhead,jhalheadk0@java.com,Male,211.227.95.37
722,Winne,Steers,wsteersk1@instagram.com,Female,218.238.147.115
723,Idell,Tunstall,itunstallk2@npr.org,Female,57.30.234.206
724,Audrie,Abarough,aabaroughk3@g.co,Female,71.191.216.99
725,Edgardo,Veysey,eveyseyk4@cbc.ca,Male,193.232.217.31
726,Berkie,Swett,bswettk5@intel.com,Bigender,3.215.77.187
727,Olin,Toye,otoyek6@chron.com,Male,142.182.158.176
728,Yancy,Dermott,ydermottk7@soup.io,Non-binary,142.155.127.170
729,Daisie,Duggleby,ddugglebyk8@goo.gl,Female,209.20.13.72
730,Maryjo,Mattia,mmattiak9@geocities.com,Female,132.52.100.232
731,Meggi,Meller,mmellerka@lycos.com,Female,41.178.186.33
732,Thorn,Budd,tbuddkb@histats.com,Agender,130.254.203.166
733,Neala,Levey,nleveykc@jugem.jp,Agender,79.25.26.27
734,Joete,Chable,jchablekd@clickbank.net,Female,36.70.127.10
735,Doloritas,Prynne,dprynneke@who.int,Female,65.160.196.240
736,Maritsa,Rattry,mrattrykf@artisteer.com,Female,160.251.101.72
737,Shawnee,Copnell,scopnellkg@ucla.edu,Female,186.69.208.135
738,Dore,Apdell,dapdellkh@sfgate.com,Male,10.145.156.249
739,Maxy,Woolard,mwoolardki@digg.com,Male,44.96.16.54
740,Constantia,Carnie,ccarniekj@ted.com,Female,134.255.149.227
741,Frederico,Uttermare,futtermarekk@hatena.ne.jp,Male,89.135.29.180
742,Lauryn,Truckett,ltruckettkl@cnn.com,Female,113.61.124.241
743,Anitra,Master,amasterkm@netscape.com,Female,127.46.219.53
744,Bette,Leale,blealekn@wired.com,Female,18.217.99.166
745,Nonna,Elesander,nelesanderko@accuweather.com,Female,222.224.226.225
746,Nathaniel,Scammell,nscammellkp@businesswire.com,Male,168.242.186.196
747,Annabal,Goldin,agoldinkq@geocities.jp,Female,183.7.179.114
748,Shep,Karlmann,skarlmannkr@howstuffworks.com,Male,97.167.220.105
749,Ike,Mingardi,imingardiks@wikimedia.org,Male,78.180.232.124
750,Rutherford,Rozsa,rrozsakt@imdb.com,Male,142.37.225.115
751,Wilow,Windrus,wwindrusku@de.vu,Female,100.38.164.116
752,Rollie,O'Spillane,rospillanekv@tuttocitta.it,Male,86.253.98.139
753,Marylinda,Blinkhorn,mblinkhornkw@columbia.edu,Female,255.193.79.88
754,Dulci,MacDavitt,dmacdavittkx@reference.com,Genderqueer,34.77.62.70
755,Jereme,Rishbrook,jrishbrookky@symantec.com,Genderqueer,53.218.93.57
756,Raeann,Kemmey,rkemmeykz@google.co.jp,Female,55.94.236.72
757,Merwyn,Marchant,mmarchantl0@senate.gov,Male,67.78.222.25
758,Aubry,Beckham,abeckhaml1@unesco.org,Female,204.193.30.118
759,Sophronia,Simmonite,ssimmonitel2@usnews.com,Female,115.170.54.166
760,Coralie,Cornelis,ccornelisl3@eepurl.com,Female,115.204.114.70
761,Ferdinanda,Halifax,fhalifaxl4@live.com,Female,247.159.224.9
762,Lonee,Telling,ltellingl5@php.net,Female,66.35.250.125
763,Whitby,Clemmow,wclemmowl6@yelp.com,Male,193.235.125.190
764,Deeyn,Dewey,ddeweyl7@nbcnews.com,Female,5.237.64.174
765,Joell,Esseby,jessebyl8@exblog.jp,Female,29.104.172.81
766,Verne,Marc,vmarcl9@tamu.edu,Male,168.191.56.159
767,Lorin,Northern,lnorthernla@soundcloud.com,Male,88.140.173.171
768,Pincus,Stuchburie,pstuchburielb@odnoklassniki.ru,Male,93.190.224.54
769,Paxton,Flaonier,pflaonierlc@washingtonpost.com,Male,77.3.130.157
770,Bennett,Ambrosini,bambrosinild@liveinternet.ru,Male,194.100.21.49
771,Kayne,Coners,kconersle@yolasite.com,Male,178.34.5.201
772,Lilith,Goodliffe,lgoodliffelf@princeton.edu,Female,95.78.157.113
773,Ollie,Bouzek,obouzeklg@icio.us,Male,227.172.224.71
774,Husein,Ferrarotti,hferrarottilh@japanpost.jp,Male,153.93.88.117
775,Harland,Bigley,hbigleyli@icio.us,Male,217.179.16.248
776,Waring,Dollard,wdollardlj@timesonline.co.uk,Male,103.82.167.173
777,Dulcine,Pagden,dpagdenlk@berkeley.edu,Female,19.210.35.63
778,Angus,O'Corrigane,aocorriganell@163.com,Male,183.150.21.207
779,Henryetta,Janous,hjanouslm@microsoft.com,Female,53.58.182.113
780,Archie,Ewells,aewellsln@ft.com,Male,224.77.35.119
781,Linell,Prentice,lprenticelo@fotki.com,Female,224.82.248.219
782,Alexandra,Dumbarton,adumbartonlp@cyberchimps.com,Female,56.17.214.66
783,Mike,Slad,msladlq@state.tx.us,Male,32.19.242.188
784,Harper,Hallwood,hhallwoodlr@economist.com,Male,20.138.127.82
785,Gaspard,Alessandretti,galessandrettils@lulu.com,Male,8.144.214.135
786,Aurora,Warfield,awarfieldlt@shinystat.com,Female,77.251.177.27
787,Eimile,Tremeer,etremeerlu@technorati.com,Female,75.199.73.191
788,Lou,Beagles,lbeagleslv@army.mil,Non-binary,92.170.234.230
789,Evy,Cuseick,ecuseicklw@sina.com.cn,Female,138.214.74.96
790,Lay,Goodby,lgoodbylx@icio.us,Male,247.233.192.223
791,Prentice,Dunkley,pdunkleyly@list-manage.com,Male,249.65.127.52
792,Quincy,Bunclark,qbunclarklz@aboutads.info,Male,12.49.90.218
793,Donnie,Kayes,dkayesm0@china.com.cn,Male,25.0.115.20
794,Ferdinand,Skirving,fskirvingm1@nationalgeographic.com,Male,129.78.226.234
795,Hewitt,Kittoe,hkittoem2@cornell.edu,Male,4.61.48.151
796,Mariann,Rye,mryem3@mozilla.com,Female,241.221.175.126
797,Raffarty,Allridge,rallridgem4@storify.com,Male,193.255.48.55
798,Harbert,Madeley,hmadeleym5@is.gd,Male,248.30.196.199
799,Garold,Karet,gkaretm6@marketwatch.com,Male,173.226.143.39
800,Coralie,Frost,cfrostm7@xinhuanet.com,Female,197.53.72.189
801,Lurlene,Donaway,ldonawaym8@state.gov,Female,82.112.208.214
802,Edward,Hanhardt,ehanhardtm9@opera.com,Polygender,23.84.149.212
803,Chrissie,Georgeau,cgeorgeauma@tmall.com,Male,203.235.235.59
804,Rennie,Crotty,rcrottymb@twitter.com,Female,100.176.49.99
805,Reynard,Fearney,rfearneymc@psu.edu,Male,187.54.236.61
806,Jada,Siggers,jsiggersmd@engadget.com,Female,135.241.144.158
807,Roger,Batters,rbattersme@ed.gov,Male,103.39.251.85
808,Enrichetta,Harnwell,eharnwellmf@nba.com,Female,214.70.5.252
809,Jack,Dewan,jdewanmg@i2i.jp,Male,140.246.51.67
810,Lew,McGlaughn,lmcglaughnmh@goo.gl,Male,75.79.126.33
811,Derwin,Matkovic,dmatkovicmi@t-online.de,Male,131.82.186.65
812,Alayne,Boken,abokenmj@homestead.com,Female,251.101.219.228
813,Ursola,Steiner,usteinermk@naver.com,Female,191.20.17.27
814,Thurston,Pattingson,tpattingsonml@indiatimes.com,Male,191.94.254.10
815,Suzy,Crabbe,scrabbemm@de.vu,Non-binary,19.47.232.165
816,Trent,Kellegher,tkelleghermn@digg.com,Male,151.78.98.129
817,Amerigo,Fawckner,afawcknermo@constantcontact.com,Male,206.26.172.169
818,Galvan,McGuffog,gmcguffogmp@bandcamp.com,Male,93.64.171.72
819,Emmott,Schops,eschopsmq@bluehost.com,Male,39.48.232.9
820,Fredi,Doud,fdoudmr@examiner.com,Female,228.19.69.228
821,Estrellita,MacGilfoyle,emacgilfoylems@webs.com,Female,188.57.209.29
822,Caitlin,Webby,cwebbymt@hubpages.com,Female,87.235.67.88
823,Kaiser,Sleath,ksleathmu@mashable.com,Male,137.217.50.30
824,Elberta,Hindsberg,ehindsbergmv@tinyurl.com,Female,97.225.132.106
825,Jenni,Nern,jnernmw@drupal.org,Female,21.180.245.198
826,Kassi,Radden,kraddenmx@opera.com,Non-binary,205.165.47.127
827,Leighton,Manneville,lmannevillemy@google.com,Male,55.42.165.173
828,Oren,Grunwald,ogrunwaldmz@nifty.com,Male,221.29.206.44
829,Rosalinde,Bareham,rbarehamn0@aboutads.info,Female,26.30.19.68
830,Kurtis,Friedman,kfriedmann1@columbia.edu,Male,91.248.96.151
831,Caryl,Molines,cmolinesn2@angelfire.com,Male,241.208.200.150
832,Leighton,Amsden,lamsdenn3@cargocollective.com,Male,91.167.202.80
833,Elysia,Roff,eroffn4@kickstarter.com,Genderfluid,102.110.224.120
834,Liliane,Prati,lpratin5@bloglines.com,Female,14.244.4.58
835,Basile,Dyka,bdykan6@purevolume.com,Polygender,89.79.45.64
836,Marie-jeanne,Ilieve,milieven7@woothemes.com,Female,39.49.45.181
837,Bendix,Pickard,bpickardn8@icio.us,Male,173.74.62.221
838,Jany,Hudel,jhudeln9@github.io,Female,207.248.118.188
839,Lethia,Atwell,latwellna@stumbleupon.com,Female,185.78.113.142
840,Cynthea,Fisbburne,cfisbburnenb@icq.com,Female,4.235.243.24
841,Beverlee,Di Bartolommeo,bdibartolommeonc@cdc.gov,Female,88.64.111.164
842,Padraig,Leedes,pleedesnd@dedecms.com,Male,25.117.244.106
843,Myrna,Gartan,mgartanne@nifty.com,Female,181.253.105.81
844,Cozmo,Azemar,cazemarnf@foxnews.com,Genderqueer,172.161.13.187
845,Florence,Borrows,fborrowsng@phpbb.com,Female,58.171.243.60
846,Marwin,Musto,mmustonh@blogspot.com,Male,216.46.134.119
847,Terry,Joslyn,tjoslynni@umich.edu,Female,44.61.49.183
848,Filberto,Spiniello,fspiniellonj@theguardian.com,Male,24.184.70.245
849,Nanine,Duker,ndukernk@globo.com,Female,165.236.238.59
850,Lanie,Clayworth,lclayworthnl@mapy.cz,Agender,10.103.220.230
851,Jerrilyn,Overthrow,joverthrownm@vinaora.com,Female,155.50.165.170
852,Eleonore,Gristwood,egristwoodnn@acquirethisname.com,Female,209.73.150.146
853,Merill,Merrett,mmerrettno@fotki.com,Male,229.147.139.158
854,Elinore,Gutman,egutmannp@blog.com,Female,189.29.245.128
855,Lyn,Tansley,ltansleynq@phoca.cz,Male,211.221.221.191
856,Case,Danis,cdanisnr@imdb.com,Male,183.213.145.155
857,Eldin,Slaight,eslaightns@shop-pro.jp,Male,98.88.35.112
858,Anastassia,Galier,agaliernt@telegraph.co.uk,Female,156.33.35.194
859,Freeland,Mohammad,fmohammadnu@theguardian.com,Male,123.180.59.91
860,Leonard,Iacovelli,liacovellinv@moonfruit.com,Male,132.156.221.89
861,Francis,Scaice,fscaicenw@stumbleupon.com,Male,131.73.130.198
862,Manolo,Bertomieu,mbertomieunx@java.com,Male,212.183.148.222
863,Maggie,Covelle,mcovelleny@indiegogo.com,Female,4.47.107.135
864,Yasmin,Aseef,yaseefnz@chicagotribune.com,Female,185.77.239.79
865,Lothario,Kneeshaw,lkneeshawo0@yahoo.co.jp,Bigender,164.44.142.123
866,Mischa,Pattinson,mpattinsono1@so-net.ne.jp,Male,65.131.91.171
867,Margie,Szymanzyk,mszymanzyko2@loc.gov,Female,13.16.52.23
868,Blinnie,Lynds,blyndso3@studiopress.com,Female,215.12.114.151
869,Fin,Pentycross,fpentycrosso4@reddit.com,Male,209.19.90.69
870,Layton,Gatus,lgatuso5@csmonitor.com,Male,178.173.238.55
871,Gilberta,Pitcher,gpitchero6@msn.com,Bigender,194.40.87.71
872,Barnabas,Benazet,bbenazeto7@tuttocitta.it,Male,69.247.66.77
873,Ainslee,Sunock,asunocko8@telegraph.co.uk,Bigender,148.190.246.221
874,Emma,Hebden,ehebdeno9@fotki.com,Female,224.229.41.65
875,Bailey,Yurin,byurinoa@wikia.com,Male,197.10.22.70
876,Paulie,Fadian,pfadianob@imdb.com,Female,35.162.22.139
877,Nicholle,Bovaird,nbovairdoc@washington.edu,Female,205.187.198.240
878,Mercy,Alp,malpod@cloudflare.com,Female,238.39.46.13
879,Taddeo,Brookzie,tbrookzieoe@omniture.com,Male,31.184.107.85
880,Shalna,Chettle,schettleof@shinystat.com,Female,87.23.95.49
881,Crin,Skippon,cskipponog@washingtonpost.com,Female,56.86.19.76
882,Pasquale,Greensted,pgreenstedoh@geocities.com,Male,118.149.16.46
883,Steffie,Mence,smenceoi@storify.com,Female,218.189.45.177
884,Pall,Downgate,pdowngateoj@army.mil,Male,83.247.243.0
885,Sabina,Dutteridge,sdutteridgeok@wikipedia.org,Female,198.28.61.200
886,Clovis,Boutwell,cboutwellol@techcrunch.com,Genderqueer,144.126.218.251
887,Gary,MacKimm,gmackimmom@samsung.com,Male,110.225.20.123
888,Alexis,Ahren,aahrenon@ifeng.com,Polygender,43.247.38.149
889,Yves,Bittlestone,ybittlestoneoo@privacy.gov.au,Male,207.13.28.3
890,Aharon,Atwater,aatwaterop@prnewswire.com,Male,200.239.125.75
891,Dniren,Quigley,dquigleyoq@wiley.com,Female,192.254.97.59
892,Carly,Ridwood,cridwoodor@nhs.uk,Male,35.207.44.150
893,Tasia,Elks,telksos@wix.com,Female,145.34.200.154
894,Eugen,Spence,espenceot@wikipedia.org,Male,11.198.69.0
895,Julina,Crowden,jcrowdenou@accuweather.com,Female,135.142.97.191
896,Linnet,Carlow,lcarlowov@skype.com,Female,98.190.246.88
897,Jacques,Jeandin,jjeandinow@nsw.gov.au,Male,205.209.171.248
898,Roseanna,Sussams,rsussamsox@washington.edu,Female,117.138.167.153
899,Ozzy,Markovich,omarkovichoy@mapy.cz,Male,31.99.26.103
900,Beilul,Gurery,bgureryoz@paginegialle.it,Female,18.68.188.174
901,Idalina,Faveryear,ifaveryearp0@live.com,Female,161.88.49.69
902,Alric,Jakov,ajakovp1@ca.gov,Male,145.6.169.241
903,Franny,Tapton,ftaptonp2@sina.com.cn,Non-binary,69.206.33.94
904,Jobye,Heers,jheersp3@symantec.com,Female,236.23.192.5
905,Moreen,Euels,meuelsp4@typepad.com,Female,67.53.204.30
906,Danny,Turton,dturtonp5@liveinternet.ru,Male,187.143.103.246
907,Wendi,Wolton,wwoltonp6@prlog.org,Female,187.45.93.28
908,Elna,Klaffs,eklaffsp7@wunderground.com,Genderfluid,88.121.253.251
909,Katusha,Skeates,kskeatesp8@bbb.org,Female,38.138.162.10
910,Calli,Wasling,cwaslingp9@goo.ne.jp,Genderfluid,150.84.212.232
911,Daven,Berthelet,dbertheletpa@purevolume.com,Male,95.151.156.149
912,Georgie,Jillard,gjillardpb@google.pl,Male,202.43.221.54
913,Conrad,Celle,ccellepc@dailymail.co.uk,Male,231.148.246.24
914,Kimmi,Alexsandrowicz,kalexsandrowiczpd@aol.com,Female,214.114.57.41
915,Amye,Haseldine,ahaseldinepe@canalblog.com,Female,190.20.46.163
916,Rufus,Canelas,rcanelaspf@princeton.edu,Male,83.152.150.189
917,Ashli,Geraldini,ageraldinipg@redcross.org,Female,249.182.18.84
918,Bartie,Billion,bbillionph@wordpress.org,Polygender,255.252.88.32
919,Leanor,Grout,lgroutpi@si.edu,Female,238.35.197.119
920,Norman,Croughan,ncroughanpj@nationalgeographic.com,Male,124.143.232.245
921,Barbey,Thoresbie,bthoresbiepk@jiathis.com,Female,162.241.99.161
922,Reinhard,McGirr,rmcgirrpl@weather.com,Male,104.85.80.187
923,Sloane,Stannett,sstannettpm@narod.ru,Male,45.207.59.153
924,Karl,Petch,kpetchpn@vk.com,Male,223.164.159.98
925,Raynor,McLanachan,rmclanachanpo@wired.com,Male,245.153.186.170
926,Chadd,Master,cmasterpp@techcrunch.com,Male,105.90.82.65
927,Mariana,Ciepluch,mciepluchpq@feedburner.com,Female,133.1.184.202
928,Lazare,Schott,lschottpr@mapquest.com,Male,186.209.197.249
929,Elianore,Delahunty,edelahuntyps@ucla.edu,Agender,19.36.64.22
930,Jodie,Beddoes,jbeddoespt@china.com.cn,Genderqueer,204.248.149.34
931,Fionnula,Everil,feverilpu@geocities.jp,Female,46.3.162.158
932,Carlo,Ondrak,condrakpv@hc360.com,Male,105.247.201.102
933,Kalina,Klimkiewich,kklimkiewichpw@pcworld.com,Female,142.226.243.59
934,Otes,Townsley,otownsleypx@seattletimes.com,Male,111.2.178.234
935,Reed,Dearle-Palser,rdearlepalserpy@barnesandnoble.com,Genderqueer,5.157.233.65
936,Fair,Lillicrop,flillicroppz@illinois.edu,Male,83.136.135.207
937,Fairleigh,Pesselt,fpesseltq0@jimdo.com,Non-binary,113.135.50.102
938,Hadlee,Woolmington,hwoolmingtonq1@cbslocal.com,Male,23.245.245.15
939,Ado,Piecha,apiechaq2@msu.edu,Male,31.182.113.57
940,Benedick,Jehu,bjehuq3@netlog.com,Male,136.162.108.236
941,Evey,Guinn,eguinnq4@jigsy.com,Female,89.46.222.129
942,Lev,Lednor,llednorq5@themeforest.net,Male,135.30.243.38
943,Cirilo,Strothers,cstrothersq6@soundcloud.com,Male,204.63.84.126
944,Gregorius,Blastock,gblastockq7@merriam-webster.com,Male,112.45.251.206
945,Devondra,Chaulk,dchaulkq8@businessinsider.com,Female,197.16.29.143
946,Bartlet,Kristoffersson,bkristofferssonq9@house.gov,Male,141.16.126.179
947,Sansone,Studdal,sstuddalqa@tamu.edu,Male,109.3.70.181
948,Pauly,Tick,ptickqb@apple.com,Male,30.212.92.102
949,Adelina,Tomisch,atomischqc@foxnews.com,Female,235.102.234.93
950,Arie,Boness,abonessqd@sourceforge.net,Male,202.247.72.188
951,Weber,Maffulli,wmaffulliqe@sohu.com,Male,193.166.106.57
952,Ingemar,Borsay,iborsayqf@bravesites.com,Male,200.170.38.84
953,Merl,Bickford,mbickfordqg@addthis.com,Female,60.6.225.193
954,Rosaline,Suffe,rsuffeqh@bloomberg.com,Female,149.78.216.129
955,Mahala,Steely,msteelyqi@wsj.com,Female,133.90.200.127
956,Bucky,Velez,bvelezqj@addthis.com,Male,174.64.69.33
957,Annadiana,Gryglewski,agryglewskiqk@google.it,Female,122.170.42.146
958,Domeniga,Beards,dbeardsql@domainmarket.com,Female,219.179.173.136
959,Reena,Beebe,rbeebeqm@nature.com,Female,247.130.137.170
960,Conroy,Talton,ctaltonqn@altervista.org,Male,218.63.77.231
961,Bronnie,Binyon,bbinyonqo@sourceforge.net,Male,150.211.187.195
962,Stephani,Waud,swaudqp@acquirethisname.com,Female,105.18.186.15
963,Eliot,Spelling,espellingqq@intel.com,Male,241.41.98.245
964,Winny,Yourell,wyourellqr@aboutads.info,Female,200.81.175.158
965,Tara,Burgher,tburgherqs@si.edu,Female,19.131.89.175
966,Evyn,Kirsche,ekirscheqt@google.de,Male,105.74.51.84
967,Jeremias,Fleetwood,jfleetwoodqu@blinklist.com,Male,102.117.255.229
968,Avril,Costanza,acostanzaqv@dion.ne.jp,Female,20.211.17.221
969,Dorie,Caley,dcaleyqw@google.co.uk,Female,41.122.35.190
970,Jolie,De Zamudio,jdezamudioqx@usnews.com,Female,118.118.243.218
971,Darsie,Rubinsky,drubinskyqy@wikimedia.org,Female,223.126.139.126
972,Web,Jeffray,wjeffrayqz@opera.com,Male,147.9.135.138
973,Pepillo,De Michele,pdemicheler0@123-reg.co.uk,Male,87.199.38.131
974,Fredek,Lummus,flummusr1@cpanel.net,Male,160.209.234.82
975,Tabbatha,Hehir,thehirr2@dedecms.com,Female,177.202.108.192
976,Vyky,Dast,vdastr3@prlog.org,Female,181.57.2.219
977,Hedi,Erskine,herskiner4@adobe.com,Female,113.183.249.15
978,Wit,Loos,wloosr5@adobe.com,Bigender,183.165.212.232
979,Corina,Dow,cdowr6@ebay.com,Female,30.205.115.233
980,Gonzalo,Dikles,gdiklesr7@timesonline.co.uk,Male,230.167.93.147
981,Doralin,Brasseur,dbrasseurr8@fc2.com,Bigender,47.66.30.66
982,Gibb,Kenington,gkeningtonr9@homestead.com,Male,142.208.76.248
983,Blinny,Tidder,btidderra@wisc.edu,Female,239.107.1.30
984,La verne,Alten,laltenrb@example.com,Female,247.159.60.236
985,Daisi,Conant,dconantrc@ask.com,Female,238.144.4.219
986,Danica,Neggrini,dneggrinird@thetimes.co.uk,Female,67.252.111.65
987,Jamison,Keir,jkeirre@xinhuanet.com,Male,188.157.203.2
988,Bryanty,Curryer,bcurryerrf@etsy.com,Male,185.22.31.192
989,Phedra,Moscrop,pmoscroprg@theglobeandmail.com,Female,57.94.18.69
990,Cly,Prowse,cprowserh@yahoo.co.jp,Male,217.217.59.157
991,Cybill,Biggar,cbiggarri@ask.com,Female,83.253.164.237
992,Mariel,Absalom,mabsalomrj@sourceforge.net,Female,148.76.92.225
993,Merilee,Childerhouse,mchilderhouserk@geocities.jp,Genderfluid,239.1.243.114
994,Elmo,Ivancevic,eivancevicrl@last.fm,Male,179.45.125.193
995,Beatrisa,Chalmers,bchalmersrm@slate.com,Female,45.175.146.13
996,Tynan,Scroggs,tscroggsrn@lycos.com,Male,172.29.104.249
997,Elberta,Hildred,ehildredro@vinaora.com,Female,64.134.2.178
998,Antonina,Boyall,aboyallrp@icio.us,Female,190.4.195.179
999,Sax,Lovelace,slovelacerq@chicagotribune.com,Male,110.229.109.39
1000,Gay,Raddon,graddonrr@people.com.cn,Female,155.175.119.151
